"filename", "language", "JavaScript", "Markdown", "JSON with Comments", "JSON", "Java", "Vue", "XML", "HTML", "comment", "blank", "total"
"c:\Users\70420\Desktop\vue_select_class\README.md", "Markdown", 0, -15, 0, 0, 0, 0, 0, 0, 0, -5, -20
"c:\Users\70420\Desktop\vue_select_class\babel.config.js", "JavaScript", -5, 0, 0, 0, 0, 0, 0, 0, 0, -1, -6
"c:\Users\70420\Desktop\vue_select_class\jsconfig.json", "JSON with Comments", 0, 0, -8, 0, 0, 0, 0, 0, -12, 0, -20
"c:\Users\70420\Desktop\vue_select_class\package-lock.json", "JSON", 0, 0, 0, -10767, 0, 0, 0, 0, 0, -1, -10768
"c:\Users\70420\Desktop\vue_select_class\package.json", "JSON", 0, 0, 0, -27, 0, 0, 0, 0, 0, -1, -28
"c:\Users\70420\Desktop\vue_select_class\public\index.html", "HTML", 0, 0, 0, 0, 0, 0, 0, -16, -1, -1, -18
"c:\Users\70420\Desktop\vue_select_class\src\App.vue", "Vue", 0, 0, 0, 0, 0, -34, 0, 0, -4, -8, -46
"c:\Users\70420\Desktop\vue_select_class\src\components\loghead\img\个人中心.svg", "XML", 0, 0, 0, 0, 0, 0, -1, 0, 0, 0, -1
"c:\Users\70420\Desktop\vue_select_class\src\components\loghead\img\人数统计.svg", "XML", 0, 0, 0, 0, 0, 0, -1, 0, 0, 0, -1
"c:\Users\70420\Desktop\vue_select_class\src\components\loghead\img\成绩.svg", "XML", 0, 0, 0, 0, 0, 0, -1, 0, 0, 0, -1
"c:\Users\70420\Desktop\vue_select_class\src\components\loghead\img\详情.svg", "XML", 0, 0, 0, 0, 0, 0, -1, 0, 0, 0, -1
"c:\Users\70420\Desktop\vue_select_class\src\components\loghead\img\退出登录.svg", "XML", 0, 0, 0, 0, 0, 0, -1, 0, 0, 0, -1
"c:\Users\70420\Desktop\vue_select_class\src\components\loghead\img\选课.svg", "XML", 0, 0, 0, 0, 0, 0, -1, 0, 0, 0, -1
"c:\Users\70420\Desktop\vue_select_class\src\components\loghead\index.vue", "Vue", 0, 0, 0, 0, 0, -106, 0, 0, 0, -3, -109
"c:\Users\70420\Desktop\vue_select_class\src\components\userInfo\index.vue", "Vue", 0, 0, 0, 0, 0, -75, 0, 0, 0, -5, -80
"c:\Users\70420\Desktop\vue_select_class\src\components\userInfo\person\index.vue", "Vue", 0, 0, 0, 0, 0, -11, 0, 0, 0, -4, -15
"c:\Users\70420\Desktop\vue_select_class\src\components\userInfo\updataPassword\index.vue", "Vue", 0, 0, 0, 0, 0, -69, 0, 0, 0, -5, -74
"c:\Users\70420\Desktop\vue_select_class\src\components\user\index.vue", "Vue", 0, 0, 0, 0, 0, -25, 0, 0, 0, -5, -30
"c:\Users\70420\Desktop\vue_select_class\src\main.js", "JavaScript", -18, 0, 0, 0, 0, 0, 0, 0, 0, -5, -23
"c:\Users\70420\Desktop\vue_select_class\src\pages\err\index.vue", "Vue", 0, 0, 0, 0, 0, -28, 0, 0, 0, -7, -35
"c:\Users\70420\Desktop\vue_select_class\src\router\admin\index.js", "JavaScript", -48, 0, 0, 0, 0, 0, 0, 0, 0, -2, -50
"c:\Users\70420\Desktop\vue_select_class\src\router\index.js", "JavaScript", -65, 0, 0, 0, 0, 0, 0, 0, 0, -14, -79
"c:\Users\70420\Desktop\vue_select_class\src\router\teach\index.js", "JavaScript", -22, 0, 0, 0, 0, 0, 0, 0, 0, 0, -22
"c:\Users\70420\Desktop\vue_select_class\src\router\user\index.js", "JavaScript", -43, 0, 0, 0, 0, 0, 0, 0, 0, -2, -45
"c:\Users\70420\Desktop\vue_select_class\src\store\index.js", "JavaScript", -15, 0, 0, 0, 0, 0, 0, 0, 0, -3, -18
"c:\Users\70420\Desktop\vue_select_class\src\util\myChart.js", "JavaScript", -6, 0, 0, 0, 0, 0, 0, 0, 0, -5, -11
"c:\Users\70420\Desktop\vue_select_class\src\util\rules.js", "JavaScript", -21, 0, 0, 0, 0, 0, 0, 0, 0, 0, -21
"c:\Users\70420\Desktop\vue_select_class\src\util\token.js", "JavaScript", 0, 0, 0, 0, 0, 0, 0, 0, 0, -1, -1
"c:\Users\70420\Desktop\vue_select_class\src\views\admin\addClass\index.vue", "Vue", 0, 0, 0, 0, 0, -11, 0, 0, 0, -4, -15
"c:\Users\70420\Desktop\vue_select_class\src\views\admin\addStudent\index.vue", "Vue", 0, 0, 0, 0, 0, -143, 0, 0, 0, -4, -147
"c:\Users\70420\Desktop\vue_select_class\src\views\admin\addTeach\index.vue", "Vue", 0, 0, 0, 0, 0, -11, 0, 0, 0, -4, -15
"c:\Users\70420\Desktop\vue_select_class\src\views\admin\allImportStudent\index.vue", "Vue", 0, 0, 0, 0, 0, -11, 0, 0, 0, -4, -15
"c:\Users\70420\Desktop\vue_select_class\src\views\admin\index.vue", "Vue", 0, 0, 0, 0, 0, -35, 0, 0, -10, -3, -48
"c:\Users\70420\Desktop\vue_select_class\src\views\admin\menu\index.vue", "Vue", 0, 0, 0, 0, 0, -86, 0, 0, 0, -5, -91
"c:\Users\70420\Desktop\vue_select_class\src\views\admin\pages\index.vue", "Vue", 0, 0, 0, 0, 0, -11, 0, 0, 0, -4, -15
"c:\Users\70420\Desktop\vue_select_class\src\views\admin\updataStudent\index.vue", "Vue", 0, 0, 0, 0, 0, -180, 0, 0, 0, -2, -182
"c:\Users\70420\Desktop\vue_select_class\src\views\admin\updataTeach\index.vue", "Vue", 0, 0, 0, 0, 0, -11, 0, 0, 0, -4, -15
"c:\Users\70420\Desktop\vue_select_class\src\views\log\index.vue", "Vue", 0, 0, 0, 0, 0, -135, 0, 0, -2, -13, -150
"c:\Users\70420\Desktop\vue_select_class\src\views\student\classInfo\index.vue", "Vue", 0, 0, 0, 0, 0, -95, 0, 0, 0, -7, -102
"c:\Users\70420\Desktop\vue_select_class\src\views\student\index.vue", "Vue", 0, 0, 0, 0, 0, -19, 0, 0, 0, -5, -24
"c:\Users\70420\Desktop\vue_select_class\src\views\student\selectClass\index.vue", "Vue", 0, 0, 0, 0, 0, -98, 0, 0, 0, -7, -105
"c:\Users\70420\Desktop\vue_select_class\src\views\teach\addGrade\index.vue", "Vue", 0, 0, 0, 0, 0, -227, 0, 0, -5, -4, -236
"c:\Users\70420\Desktop\vue_select_class\src\views\teach\index.vue", "Vue", 0, 0, 0, 0, 0, -9, 0, 0, 0, -4, -13
"c:\Users\70420\Desktop\vue_select_class\src\views\teach\selectNumber\index.vue", "Vue", 0, 0, 0, 0, 0, -169, 0, 0, 0, -4, -173
"c:\Users\70420\Desktop\vue_select_class\vue.config.js", "JavaScript", -17, 0, 0, 0, 0, 0, 0, 0, -1, -3, -21
"c:\Users\jiang\Desktop\vue_select_class\README.md", "Markdown", 0, 15, 0, 0, 0, 0, 0, 0, 0, 5, 20
"c:\Users\jiang\Desktop\vue_select_class\babel.config.js", "JavaScript", 5, 0, 0, 0, 0, 0, 0, 0, 0, 1, 6
"c:\Users\jiang\Desktop\vue_select_class\day01.java", "Java", 0, 0, 0, 0, 10, 0, 0, 0, 0, 1, 11
"c:\Users\jiang\Desktop\vue_select_class\jsconfig.json", "JSON with Comments", 0, 0, 8, 0, 0, 0, 0, 0, 12, 0, 20
"c:\Users\jiang\Desktop\vue_select_class\package-lock.json", "JSON", 0, 0, 0, 10823, 0, 0, 0, 0, 0, 1, 10824
"c:\Users\jiang\Desktop\vue_select_class\package.json", "JSON", 0, 0, 0, 29, 0, 0, 0, 0, 0, 1, 30
"c:\Users\jiang\Desktop\vue_select_class\public\index.html", "HTML", 0, 0, 0, 0, 0, 0, 0, 16, 1, 1, 18
"c:\Users\jiang\Desktop\vue_select_class\src\App.vue", "Vue", 0, 0, 0, 0, 0, 59, 0, 0, 4, 14, 77
"c:\Users\jiang\Desktop\vue_select_class\src\api\index.js", "JavaScript", 24, 0, 0, 0, 0, 0, 0, 0, 22, 26, 72
"c:\Users\jiang\Desktop\vue_select_class\src\api\log.js", "JavaScript", 2, 0, 0, 0, 0, 0, 0, 0, 0, 1, 3
"c:\Users\jiang\Desktop\vue_select_class\src\api\request.js", "JavaScript", 20, 0, 0, 0, 0, 0, 0, 0, 5, 12, 37
"c:\Users\jiang\Desktop\vue_select_class\src\components\loghead\img\个人中心.svg", "XML", 0, 0, 0, 0, 0, 0, 1, 0, 0, 0, 1
"c:\Users\jiang\Desktop\vue_select_class\src\components\loghead\img\成绩.svg", "XML", 0, 0, 0, 0, 0, 0, 1, 0, 0, 0, 1
"c:\Users\jiang\Desktop\vue_select_class\src\components\loghead\img\新增人数.svg", "XML", 0, 0, 0, 0, 0, 0, 1, 0, 0, 0, 1
"c:\Users\jiang\Desktop\vue_select_class\src\components\loghead\img\详情.svg", "XML", 0, 0, 0, 0, 0, 0, 1, 0, 0, 0, 1
"c:\Users\jiang\Desktop\vue_select_class\src\components\loghead\img\退出登录.svg", "XML", 0, 0, 0, 0, 0, 0, 1, 0, 0, 0, 1
"c:\Users\jiang\Desktop\vue_select_class\src\components\loghead\img\选课.svg", "XML", 0, 0, 0, 0, 0, 0, 1, 0, 0, 0, 1
"c:\Users\jiang\Desktop\vue_select_class\src\components\loghead\img\首页.svg", "XML", 0, 0, 0, 0, 0, 0, 1, 0, 0, 0, 1
"c:\Users\jiang\Desktop\vue_select_class\src\components\loghead\index.vue", "Vue", 0, 0, 0, 0, 0, 156, 0, 0, 0, 15, 171
"c:\Users\jiang\Desktop\vue_select_class\src\components\userInfo\index.vue", "Vue", 0, 0, 0, 0, 0, 75, 0, 0, 0, 5, 80
"c:\Users\jiang\Desktop\vue_select_class\src\components\userInfo\person\index.vue", "Vue", 0, 0, 0, 0, 0, 192, 0, 0, 0, 11, 203
"c:\Users\jiang\Desktop\vue_select_class\src\components\userInfo\updataPassword\index.vue", "Vue", 0, 0, 0, 0, 0, 80, 0, 0, 0, 8, 88
"c:\Users\jiang\Desktop\vue_select_class\src\components\user\index.vue", "Vue", 0, 0, 0, 0, 0, 25, 0, 0, 0, 5, 30
"c:\Users\jiang\Desktop\vue_select_class\src\main.js", "JavaScript", 22, 0, 0, 0, 0, 0, 0, 0, 0, 5, 27
"c:\Users\jiang\Desktop\vue_select_class\src\pages\err\index.vue", "Vue", 0, 0, 0, 0, 0, 28, 0, 0, 0, 7, 35
"c:\Users\jiang\Desktop\vue_select_class\src\router\admin\index.js", "JavaScript", 48, 0, 0, 0, 0, 0, 0, 0, 0, 2, 50
"c:\Users\jiang\Desktop\vue_select_class\src\router\index.js", "JavaScript", 65, 0, 0, 0, 0, 0, 0, 0, 1, 15, 81
"c:\Users\jiang\Desktop\vue_select_class\src\router\teach\index.js", "JavaScript", 22, 0, 0, 0, 0, 0, 0, 0, 0, 0, 22
"c:\Users\jiang\Desktop\vue_select_class\src\router\user\index.js", "JavaScript", 43, 0, 0, 0, 0, 0, 0, 0, 0, 2, 45
"c:\Users\jiang\Desktop\vue_select_class\src\store\index.js", "JavaScript", 9, 0, 0, 0, 0, 0, 0, 0, 0, 3, 12
"c:\Users\jiang\Desktop\vue_select_class\src\store\login.js", "JavaScript", 33, 0, 0, 0, 0, 0, 0, 0, 0, 8, 41
"c:\Users\jiang\Desktop\vue_select_class\src\util\index.js", "JavaScript", 2, 0, 0, 0, 0, 0, 0, 0, 0, 1, 3
"c:\Users\jiang\Desktop\vue_select_class\src\util\myChart.js", "JavaScript", 6, 0, 0, 0, 0, 0, 0, 0, 0, 5, 11
"c:\Users\jiang\Desktop\vue_select_class\src\util\rules.js", "JavaScript", 65, 0, 0, 0, 0, 0, 0, 0, 0, 3, 68
"c:\Users\jiang\Desktop\vue_select_class\src\util\token.js", "JavaScript", 2, 0, 0, 0, 0, 0, 0, 0, 0, 2, 4
"c:\Users\jiang\Desktop\vue_select_class\src\views\admin\addClass\index.vue", "Vue", 0, 0, 0, 0, 0, 133, 0, 0, 3, 13, 149
"c:\Users\jiang\Desktop\vue_select_class\src\views\admin\addStudent\index.vue", "Vue", 0, 0, 0, 0, 0, 160, 0, 0, 2, 6, 168
"c:\Users\jiang\Desktop\vue_select_class\src\views\admin\addTeach\index.vue", "Vue", 0, 0, 0, 0, 0, 147, 0, 0, 2, 11, 160
"c:\Users\jiang\Desktop\vue_select_class\src\views\admin\allImportStudent\index.vue", "Vue", 0, 0, 0, 0, 0, 11, 0, 0, 0, 4, 15
"c:\Users\jiang\Desktop\vue_select_class\src\views\admin\index.vue", "Vue", 0, 0, 0, 0, 0, 56, 0, 0, 10, 2, 68
"c:\Users\jiang\Desktop\vue_select_class\src\views\admin\menu\index.vue", "Vue", 0, 0, 0, 0, 0, 87, 0, 0, 0, 5, 92
"c:\Users\jiang\Desktop\vue_select_class\src\views\admin\pages\index.vue", "Vue", 0, 0, 0, 0, 0, 11, 0, 0, 0, 4, 15
"c:\Users\jiang\Desktop\vue_select_class\src\views\admin\updataStudent\index.vue", "Vue", 0, 0, 0, 0, 0, 182, 0, 0, 0, 16, 198
"c:\Users\jiang\Desktop\vue_select_class\src\views\admin\updataTeach\index.vue", "Vue", 0, 0, 0, 0, 0, 191, 0, 0, 0, 9, 200
"c:\Users\jiang\Desktop\vue_select_class\src\views\log\index.vue", "Vue", 0, 0, 0, 0, 0, 128, 0, 0, 0, 14, 142
"c:\Users\jiang\Desktop\vue_select_class\src\views\student\classInfo\index.vue", "Vue", 0, 0, 0, 0, 0, 94, 0, 0, 0, 7, 101
"c:\Users\jiang\Desktop\vue_select_class\src\views\student\index.vue", "Vue", 0, 0, 0, 0, 0, 19, 0, 0, 0, 5, 24
"c:\Users\jiang\Desktop\vue_select_class\src\views\student\selectClass\index.vue", "Vue", 0, 0, 0, 0, 0, 78, 0, 0, 0, 15, 93
"c:\Users\jiang\Desktop\vue_select_class\src\views\teach\addGrade\index.vue", "Vue", 0, 0, 0, 0, 0, 218, 0, 0, 0, 8, 226
"c:\Users\jiang\Desktop\vue_select_class\src\views\teach\index.vue", "Vue", 0, 0, 0, 0, 0, 9, 0, 0, 0, 4, 13
"c:\Users\jiang\Desktop\vue_select_class\src\views\teach\selectNumber\index.vue", "Vue", 0, 0, 0, 0, 0, 130, 0, 0, 0, 18, 148
"c:\Users\jiang\Desktop\vue_select_class\test.js", "JavaScript", 15, 0, 0, 0, 0, 0, 0, 0, 0, 3, 18
"c:\Users\jiang\Desktop\vue_select_class\vue.config.js", "JavaScript", 16, 0, 0, 0, 0, 0, 0, 0, 14, 5, 35
"c:\Users\jiang\Desktop\vue_select_class\发布者订阅.html", "HTML", 0, 0, 0, 0, 0, 0, 0, 30, 0, 6, 36
"Total", "-", 139, 0, 0, 58, 10, 670, 1, 30, 41, 156, 1105